id,first_name,last_name,email,gender,loyalty_status,spend_2021,avg_rate
1,Marj,Wasselin,MarjWasselin@datascience.AOT,Female,Gold,2822.87,$95.11
2,Kissiah,Lince,KissiahLince@datascience.AOT,Female,Gold,2330.12,$34.13
3,Margarita,Celle,MargaritaCelle@datascience.AOT,Female,Platnium,2797.42,$204.66
4,Nat,Richens,NatRichens@datascience.AOT,Female,None,2487.1,$60.49
5,Jelene,Ripper,JeleneRipper@datascience.AOT,Bigender,Silver,2370.85,$78.13
6,Tom,Mullender,TomMullender@datascience.AOT,Male,Platnium,542.91,$63.01
7,Sonny,Jerschke,SonnyJerschke@datascience.AOT,Male,None,2406.53,$66.19
8,Kearney,Hubeaux,KearneyHubeaux@datascience.AOT,Male,Silver,3287.17,$181.07
9,Vince,Mannock,VinceMannock@datascience.AOT,Male,Silver,1900.43,$161.62
10,Harry,Duckworth,HarryDuckworth@datascience.AOT,Male,None,2557.88,$133.66
11,Robbert,Kite,RobbertKite@datascience.AOT,Male,Silver,2464.89,$44.97
12,Nessie,Karleman,NessieKarleman@datascience.AOT,Female,None,1742.14,$168.72
13,Susette,Boustred,SusetteBoustred@datascience.AOT,Agender,Silver,2253.55,$79.81
14,Ulric,Borel,UlricBorel@datascience.AOT,Male,Gold,1828.7,$150.11
15,Craggie,Spencers,CraggieSpencers@datascience.AOT,Male,Gold,1898.91,$203.18
16,Hyacinthe,Brompton,HyacintheBrompton@datascience.AOT,Female,Platnium,3296.68,$181.15
17,Maximilian,Garwell,MaximilianGarwell@datascience.AOT,Male,None,1161.31,$114.83
18,Maurizio,Gillbanks,MaurizioGillbanks@datascience.AOT,Male,None,3201.07,$179.18
19,Josepha,Isoldi,JosephaIsoldi@datascience.AOT,Genderqueer,None,1096.87,$242.91
20,Malynda,MacAvaddy,MalyndaMacAvaddy@datascience.AOT,Female,Silver,1724.14,$15.85
21,Tracy,Crocroft,TracyCrocroft@datascience.AOT,Female,Silver,1606.22,$17.45
22,Kristian,Mattacks,KristianMattacks@datascience.AOT,Male,Gold,2456.62,$216.41
23,Jorgan,Erie,JorganErie@datascience.AOT,Male,Gold,3633.88,$189.88
24,Darci,Hotchkin,DarciHotchkin@datascience.AOT,Female,Silver,4245.37,$49.30
25,Buiron,Wrate,BuironWrate@datascience.AOT,Male,Gold,3483.39,$176.04
26,Katleen,Wittering,KatleenWittering@datascience.AOT,Female,None,2436.16,$26.13
27,Rolf,Mucci,RolfMucci@datascience.AOT,Agender,Gold,1644.68,$30.14
28,Jeremias,Ciccotto,JeremiasCiccotto@datascience.AOT,Male,Silver,863.88,$178.39
29,Brietta,MacGillivray,BriettaMacGillivray@datascience.AOT,Female,Gold,2549.92,$126.13
30,Dean,Smoote,DeanSmoote@datascience.AOT,Male,Silver,2903.45,$203.44
31,Stacee,Lowdiane,StaceeLowdiane@datascience.AOT,Male,Silver,3763.93,$55.74
32,Pierette,Shellard,PieretteShellard@datascience.AOT,Female,Gold,1686.85,$124.17
33,Maryjo,Cristofaro,MaryjoCristofaro@datascience.AOT,Female,Gold,1472.81,$45.34
34,Ailis,Stonuary,AilisStonuary@datascience.AOT,Female,None,4242.12,$240.74
35,Madeline,Tythe,MadelineTythe@datascience.AOT,Female,None,3751.15,$159.12
36,Griswold,Stilgoe,GriswoldStilgoe@datascience.AOT,Male,Silver,3948.14,$94.73
37,Padget,de Zamora,Padgetde Zamora@datascience.AOT,Male,Platnium,1776.64,$56.53
38,Chadd,Antonchik,ChaddAntonchik@datascience.AOT,Male,None,1703.72,$205.37
39,Blondell,Learman,BlondellLearman@datascience.AOT,Female,Gold,2983.81,$197.34
40,Franklyn,Hulk,FranklynHulk@datascience.AOT,Male,Platnium,2066.66,$180.08
41,Verile,Sein,VerileSein@datascience.AOT,Female,Silver,2572.83,$87.19
42,Ingra,Fonteyne,IngraFonteyne@datascience.AOT,Male,Platnium,1521.39,$19.97
43,Cleavland,Casaccio,CleavlandCasaccio@datascience.AOT,Male,Platnium,2134.8,$33.42
44,Karim,Izard,KarimIzard@datascience.AOT,Male,None,2274.97,$201.78
45,Catlin,Ebi,CatlinEbi@datascience.AOT,Female,Gold,,
46,Jemima,Kamen,JemimaKamen@datascience.AOT,Female,Gold,4074.86,$37.72
47,Kendall,Eustice,KendallEustice@datascience.AOT,Male,Gold,594.84,$93.40
48,Mara,Dulton,MaraDulton@datascience.AOT,Female,Gold,2006.2,$79.36
49,Moira,Blenkinship,MoiraBlenkinship@datascience.AOT,Genderqueer,None,3653.23,$36.37
50,Cord,Simonsen,CordSimonsen@datascience.AOT,Male,Silver,1458.53,$154.07
51,Virge,Kadar,VirgeKadar@datascience.AOT,Male,Silver,1054.76,$176.44
52,Mimi,Shale,MimiShale@datascience.AOT,Female,Gold,3483.73,$200.63
53,Reider,Eacott,ReiderEacott@datascience.AOT,Male,Platnium,1317.71,$199.63
54,Mikel,Chancelier,MikelChancelier@datascience.AOT,Bigender,Gold,3038.35,$190.52
55,Egan,Hargreves,EganHargreves@datascience.AOT,Polygender,Platnium,1927.71,$85.37
56,Octavius,Corns,OctaviusCorns@datascience.AOT,Male,Silver,2407.99,$49.68
57,Meg,Crew,MegCrew@datascience.AOT,Female,None,3385.72,$34.24
58,Babb,Eglaise,BabbEglaise@datascience.AOT,Genderfluid,Platnium,2075.32,$166.10
59,Eada,Martinuzzi,EadaMartinuzzi@datascience.AOT,Female,Platnium,3846.59,$213.31
60,Noble,Thorneywork,NobleThorneywork@datascience.AOT,Male,Platnium,3268.53,$149.22
61,Kimball,O'Dee,KimballO'Dee@datascience.AOT,Male,Platnium,2676.79,$26.15
62,Lila,Risby,LilaRisby@datascience.AOT,Female,Platnium,1311.25,$17.89
63,Fonzie,Gouck,FonzieGouck@datascience.AOT,Male,None,,
64,Wilburt,Penk,WilburtPenk@datascience.AOT,Male,Silver,3030.15,$28.39
65,Flynn,Flynn,FlynnFlynn@datascience.AOT,Male,Silver,2309.78,$19.24
66,Hakeem,Cattow,HakeemCattow@datascience.AOT,Male,Platnium,2063.57,$22.27
67,Dewitt,Espino,DewittEspino@datascience.AOT,Male,None,3714.65,$196.52
68,Tuck,Batthew,TuckBatthew@datascience.AOT,Agender,Platnium,2614.33,$58.85
69,Vernor,Cannings,VernorCannings@datascience.AOT,Polygender,Gold,2226.79,$182.95
70,Sharity,Masse,SharityMasse@datascience.AOT,Non-binary,None,3177.5,$22.80
71,Marlow,Catherick,MarlowCatherick@datascience.AOT,Male,Platnium,3336.5,$204.20
72,Nathalia,Pipet,NathaliaPipet@datascience.AOT,Female,Platnium,2558.12,$121.36
73,Arleta,Imlach,ArletaImlach@datascience.AOT,Female,None,3214.8,$205.29
74,Ozzie,Kenner,OzzieKenner@datascience.AOT,Male,Silver,1228.07,$249.86
75,Melonie,Atling,MelonieAtling@datascience.AOT,Female,Gold,2152.08,$162.75
76,Danella,Statton,DanellaStatton@datascience.AOT,Female,Silver,751.84,$67.34
77,Roxanne,Berthe,RoxanneBerthe@datascience.AOT,Non-binary,Platnium,2805.49,$166.27
78,Rusty,Scade,RustyScade@datascience.AOT,Male,Platnium,3657.18,$20.31
79,Nikolaos,Terris,NikolaosTerris@datascience.AOT,Male,Platnium,674.1,$111.29
80,Remington,Sorrill,RemingtonSorrill@datascience.AOT,Male,Silver,2957.15,$25.57
81,Graehme,Avo,GraehmeAvo@datascience.AOT,Male,Gold,2655.54,$211.88
82,Aloysius,Peagrim,AloysiusPeagrim@datascience.AOT,Male,Silver,1679.13,$194.65
83,Cecelia,Gadsby,CeceliaGadsby@datascience.AOT,Female,Gold,1177.07,$222.14
84,Seumas,Henden,SeumasHenden@datascience.AOT,Bigender,Silver,2579.98,$191.42
85,Adlai,Nestor,AdlaiNestor@datascience.AOT,Male,None,2202,$217.32
86,Reilly,Tomson,ReillyTomson@datascience.AOT,Male,Gold,2800.33,$13.24
87,Paquito,Adamovitch,PaquitoAdamovitch@datascience.AOT,Male,Silver,,
88,Kerstin,Pringour,KerstinPringour@datascience.AOT,Female,Gold,3439.38,$245.26
89,Gwenneth,Massen,GwennethMassen@datascience.AOT,Female,Silver,2185.99,$170.11
90,Tore,Ferencz,ToreFerencz@datascience.AOT,Male,Gold,3072.85,$124.06
91,Paquito,Hancke,PaquitoHancke@datascience.AOT,Polygender,Gold,2451.07,$9.88
92,Alexio,Giamo,AlexioGiamo@datascience.AOT,Male,Platnium,2567.11,$6.81
93,Joycelin,Kerner,JoycelinKerner@datascience.AOT,Female,Platnium,2193.36,$47.66
94,Billie,Steffens,BillieSteffens@datascience.AOT,Male,Platnium,2454.68,$240.35
95,Dahlia,Gratrix,DahliaGratrix@datascience.AOT,Female,None,1249.11,$56.53
96,Hollie,Westwood,HollieWestwood@datascience.AOT,Female,Platnium,3987.32,$71.97
97,Carroll,Harmes,CarrollHarmes@datascience.AOT,Male,Silver,2621.81,$193.14
98,Zacharie,Houlston,ZacharieHoulston@datascience.AOT,Male,Gold,2602.96,$115.64
99,Gerda,Jevons,GerdaJevons@datascience.AOT,Female,Platnium,3841.46,$32.26
100,Darren,Jellyman,DarrenJellyman@datascience.AOT,Male,None,2717.84,$84.21